Workbook

Sheet SUMMARY
A3: MIGRANT WORKERS PROCESSING DIVISION
A4: SUMMARY OF JOBS FAIR FACILITATED/ SUPERVISED REPORT
A5: FY 2026
A7: MONTHS | B7: NO. OF JOBS FAIR FACILITATED/ SUPERVISED | C7: NUMBER OF REGISTERED APPLICANTS | F7: NUMBER OF PARTICIPATING AGENCIES
C8: MALE | D8: FEMALE | E8: TOTAL: | F8: LAND BASED RECRUITMENT AGENCY | G8: SEA-BASED/ MANNING AGENCY
A9: JANUARY | E9: =SUM(C9:D9) -> 0
A10: FEBRUARY | B10: 2 | C10: =FEB!F22 -> 44 | D10: =FEB!G22 -> 30 | E10: =SUM(C10:D10) -> 74 | F10: =FEB!L22 -> 5
A11: MARCH | B11: =MAR!E34 -> 6 | C11: =MAR!F34 -> 252 | D11: =MAR!G34 -> 296 | E11: =SUM(C11:D11) -> 548 | F11: =MAR!L34 -> 12
A12: APRIL | E12: =SUM(C12:D12) -> 0
A13: MAY | E13: =SUM(C13:D13) -> 0
A14: JUNE | E14: =SUM(C14:D14) -> 0
A15: SUB TOTAL: | B15: =SUM(B9:B14) -> 8 | C15: =SUM(C9:C14) -> 296 | D15: =SUM(D9:D14) -> 326 | E15: =SUM(E9:E14) -> 622 | F15: =SUM(F9:F14) -> 17 | G15: =SUM(G9:G14) -> 0
A16: JULY | E16: =SUM(C16:D16) -> 0
A17: AUGUST | E17: =SUM(C17:D17) -> 0
A18: SEPTEMBER | E18: =SUM(C18:D18) -> 0
A19: OCTOBER | E19: =SUM(C19:D19) -> 0
A20: NOVEMBER | E20: =SUM(C20:D20) -> 0
A21: DECEMBER | E21: =SUM(C21:D21) -> 0
A22: SUB TOTAL: | B22: =SUM(B16:B21) -> 0 | C22: =SUM(C16:C21) -> 0 | D22: =SUM(D16:D21) -> 0 | E22: =SUM(E16:E21) -> 0 | F22: =SUM(F16:F21) -> 0 | G22: =SUM(G16:G21) -> 0
A23: TOTAL: | B23: =B15+B22 -> 8 | C23: =C15+C22 -> 296 | D23: =D15+D22 -> 326 | E23: =E15+E22 -> 622 | F23: =F15+F22 -> 17 | G23: =G15+G22 -> 0
A25: Prepared by: | E25: Noted by:
A29: AURORA JEAN A. TORRALBA | E29: REGIENALD S. ESPALDON, CPA
A30: Labor and Employment Officer I | E30: Chief Administrative Officer and
E31: OIC-Assistant Regional Director
E33: Approved by:
E37: RITCHEL M. BUTAO
E38: OIC-Regional Director

Sheet MONITORING
A2: 2026 JOB FAIR MONITORING
A4: NO. | B4: IMPLEMENTING AGENCY | C4: JOB FAIR DATE/S | D4: JOB FAIR VENUE | E4: CELEBRATION/ EVENT | F4: SERVICES | H4: DATE | N4: REMARKS
F5: JOB FAIR MONITORING | G5: CONDUCT OF PEOS | H5: COMMUNICATION LETTER RECEIVED | I5: EMAILED THE INVITATION LETTERS TO RECRUITMENT AGENCIES | J5: CONFIRMATION DEADLINE IN THE IMPLEMENTING AGENCY | K5: EMAILED THE TRANSMITTAL LETTER WITH JOB ORDER SUMMARY | L5: EVIDENCE | M5: MONITORED BY:
A6: FERBUARY
A7: 1 | B7: LGU-CABADBARAN CITY | C7: 46076 | D7: CITY SOCIAL HALL, PEOPLE'S GOVERNMENT CENTER, CABADBARAN CITY | E7: 19TH DAGKOT FESTIVAL | H7: 46049 | I7: 46050 | J7: NOT SPECIFY | K7: 46057 | L7: ..\JOB FAIR ACTIVITIES\1. FEBRUARY\2-23-26- CBR | M7: MR. PAQUEO
A8: 2 | B8: LGU- BUTUAN CITY | C8: 46079 | D8: ROBINSONS MALL BUTUAN, JC. AQUINO AVE., BUTUAN CITY | E8: JOB FAIR | H8: 46064 | I8: 46065 | J8: 46069 | K8: 46069 | L8: ..\JOB FAIR ACTIVITIES\1. FEBRUARY\2-26-26- BUTUAN | M8: MR. ENSOMO
A9: MARCH
A10: 3 | B10: MUNICIPALITY OF SAN JOSE, PDI | C10: March 5-6, 2026 | D10: MUNICIPAL COVERED COURT, SAN JOSE BUILDING COMPOUND, P-4 BRGY. STA. CRUZ, SAN JOSE, PROVINCE OF DINAGAT ISLANDS | E10: NATIONAL WOMEN'S MONTH | H10: 46058 | I10: 46062 | J10: NOT SPECIFY | K10: 46069 | L10: ..\JOB FAIR ACTIVITIES\2. MARCH\Mar. 5-6, 2026- San Jose, PDI | M10: PESO- SAN JOSE
A11: 4 | B11: MUNICIPALITY OF PROSPERIDAD, ADS | C11: 46087 | D11: DATU LIPUS MAKAPANDONG CULTURAL CENTER, GOVERNOR DEMOCRITO O. PLAZA GOVERNMENT CENTER, PROSPERIDAD, AGUSAN DEL SUR | E11: NATIONAL WOMEN'S MONTH | H11: 46073 | I11: 46073 | J11: NOT SPECIFY | K11: 46080 | L11: ..\JOB FAIR ACTIVITIES\2. MARCH\Mar. 6, 2026- Prosperidad, ADS | M11: MR. PAQUEO
A12: 5 | B12: FATHER SATURNINO URIOS UNIVERSITY | C12: 46092 | D12: FATHER SATURNINO URIOS UNIVERSITY GYMNASIUM, JC. AQUINO AVE., BUTUAN CITY | E12: JOB FAIR FOR GRADUATING STUDENTS | H12: 46084 | I12: 46084 | J12: 46087 | K12: 46087 | L12: ..\JOB FAIR ACTIVITIES\2. MARCH\Mar. 11, 2026- FSUU | M12: MR. ENSOMO
A13: 6 | B13: SAINT MICHAEL COLLEGE OF CARAGA | C13: 46093 | D13: SMCC QUADRANGLE, ATUPAN ST., BRGY. 4, NASIPIT, AGUSAN DEL NORTE | E13: JOB FAIR FOR GRADUATING STUDENTS | H13: 46069 | I13: 46071 | J13: 46076 | K13: 46076 | L13: ..\JOB FAIR ACTIVITIES\2. MARCH\Mar. 12, 2026- SMCC | M13: MR. PAQUEO
A14: 7 | B14: MUNICIPALITY OF CAGDIANAO, DINAGAT ISLANDS | C14: March 24-25, 2026 | D14: CULTURAL AND SPORTS CENTER, CAGDIANAO, PROVINCE OF DINAGAT ISLANDS | E14: JOB FAIR | H14: 46058 | I14: 46062 | J14: NOT SPECIFY | K14: 46076 | L14: ..\JOB FAIR ACTIVITIES\2. MARCH\Mar. 19-20, 2026- Cagdianao, PDI | M14: PESO- CAGDIANAO
A15: 8 | B15: LGU- NASIPIT, AGUSAN DEL NORTE | C15: 46108 | D15: NASIPIT MUNICIPAL GYM, NASIPIT, AGUSAN DEL NORTE | E15: NATIONAL WOMEN'S MONTH | H15: 46105 | I15: 45740 | J15: NOT SPECIFY | K15: 46106 | L15: ..\ACTIVITIES\2. MARCH\Mar. 27, 2026- Nasipit, ADN | M15: MS. VILLARINO
A16: 9 | B16: LGU- LORETO, AGUSAN DEL SUR | C16: 46111 | D16: LORETO INTEGRATED BUS TERMINAL, AGUSAN DEL SUR | E16: 61ST FOUNDATION DAY ANNIVERSARY AND 21ST UMAJAM FESTIVAL | H16: 46093 | I16: 46093 | J16: NOT SPECIFY | L16: ..\JOB FAIR ACTIVITIES\2. MARCH\Mar. 30, 2026- Loreto, ADS | N16: NO AGENCIES ATTENDED AND NO MONITORING CONDUCTED
A17: 10 | B17: LGU- LA PAZ, AGUSAN DEL SUR | C17: 46111 | D17: KALIGA FESTIVAL CENTER, LA PAZ, AGUSAN DEL SUR | E17: KALIGA 2026 FESTIVAL | H17: 46105 | I17: 46105 | J17: NOT SPECIFY | L17: ..\ACTIVITIES\2. MARCH\Mar. 30, 2026- La Paz, ADS | N17: NO AGENCIES ATTENDED AND NO MONITORING CONDUCTED
A18: APRIL
A19: 11 | B19: LGU- VERUELA, AGUSAN DEL SUR | C19: 46118 | D19: LEARNING AND TOURISM DISPLAY CENTER AND MULTI PURPOSE HALL, BARANGAY POBLACION, VERUELA, AGUSAN DEL SUR | E19: KADUJAWAN FESTIVAL | H19: 46105 | I19: 46105 | J19: 46096 | K19: 46113 | L19: ..\ACTIVITIES\3. APRIL\4-6-26- VERUELA | M19: PESO- VERUELA
A20: 12 | B20: LGU- SAN LUIS, AGUSAN DEL SUR | C20: 46121 | D20: AMPI THEATER, DOÑA MAXIMA, SAN LUIS, AGUSAN DEL SUR | E20: 3RD YAMBAGAN FESTIVAL | H20: 46097 | I20: 46098 | J20: NOT SPECIFY | K20: 46113 | L20: ..\JOB FAIR ACTIVITIES\3. APRIL\4-9-26- SAN LUIS | M20: PESO-SAN LUIS
A21: 13 | B21: AGUSAN DEL SUR COLLEGE, INC. | C21: 46125 | D21: ADSCO, BAYUGAN CITY | E21: JOB FAIR FOR GRADUATING STUDENTS | H21: 46107 | I21: 46107 | J21: NOT SPECIFY | K21: 46119 | L21: ..\ACTIVITIES\3. APRIL\4-13-26- ADSCO | M21: PESO-BAYUGAN
A22: 14 | B22: CARAGA STATE UNIVERSITY- MAIN CAMPUS | C22: 46127 | D22: CSU- HERO LEARNING COMMONS, THIRD FLOOR, CARAGA STATE UNIVERSITY, AMPAYO, BUTUAN CITY | E22: JOB FAIR FOR GRADUATING STUDENTS | H22: 46107 | I22: 46107 | J22: NOT SPECIFY | K22: 46119 | L22: ..\ACTIVITIES\3. APRIL\4-23-26- CSUCC | M22: CSUC-MAIN
A23: 15 | B23: CARAGA STATE UNIVERSITY CABADBARAN CAMPUS | C23: 46135 | D23: CSUCC GYMANSIUM, CABADBARAN CITY | E23: JOB FAIR FOR GRADUATING STUDENTS | H23: 46064 | I23: 46065 | J23: 46073 | K23: 46073 | L23: ..\JOB FAIR ACTIVITIES\3. APRIL\4-23-26- CSUCC | M23: CSUCC
A24: MAY
A25: 16 | B25: MUNICIPALITY OF MADRID, SURIGAO DEL SUR | C25: 46148 | D25: MADRID, SURIGAO DEL SUR | E25: JOB FAIR | H25: 46071 | I25: 46072 | J25: NOT SPECIFY | L25: ..\JOB FAIR ACTIVITIES\4. MAY\5-6-26- MADRID | M25: DOLE-SDSFO
A26: AUGUST
A27: 17 | B27: LOCAL GOVERNMENT UNIT OF SAN AGUSTIN, SURIGAO DEL SUR | C27: AUGUST 21-22, 2026 | D27: SB SESSION HALL, SAN AGUSTIN, SURIGAO DEL SUR | E27: 11TH KALUMONAN CULTURAL AND TOURISM DEVELOPMENT PROGRAM

Sheet FEB
A10: JOB FAIR REPORT
A11: FOR THE MONTH OF FEBRUARY 2026
A13: AGENCY/ INSTITUTION | B13: JOB FAIR DATE | C13: JOB FAIR VENUE | D13: RECRUTIMENT AGENCIES | E13: NO. OF JOB FAIRS FACILITATED/ SUPERVISED | F13: NUMBER OF REGISTERED APPLICANTS | I13: NUMBER OF REGISTERED APPLICANTS PER TERMINAL REPORT | L13: NUMBER OF PARTICIPATING AGENCIES | O13: JFA NO.
F14: MALE | G14: FEMALE | H14: TOTAL: | I14: MALE | J14: FEMALE | K14: TOTAL: | L14: LAND BASED RECRUITMENT AGENCY | M14: SEA-BASED/ MANNING AGENCY | N14: TOTAL:
A15: LOCAL GOVERNMENT UNIT OF CABADBARAN | B15: 46076 | C15: CITY SOCIAL HALL, PEOPLE'S GOVERNMENT CENTER, CABADBARAN CITY | D15: JENERICK INTERNATIONAL MANPOWER INC. | E15: 1 | F15: =8+7+5 -> 20 | G15: =3+2+3 -> 8 | H15: =F15+G15 -> 28 | I15: 20 | J15: 8 | K15: =I15+J15 -> 28 | L15: 1 | N15: =L15+M15 -> 1 | O15: BUT-26-0203-002
A16: Sub total: | E16: =E15 -> 1 | F16: =F15 -> 20 | G16: =G15 -> 8 | H16: =H15 -> 28 | I16: =I15 -> 20 | J16: =J15 -> 8 | K16: =K15 -> 28 | L16: =L15 -> 1 | ... N16: =N15 -> 1
A17: LOCAL GOVERNMENT UNIT OF BUTUAN | B17: 46079 | C17: ROBINSONS MALL BUTUAN, JC. AQUINO AVE., BUTUAN CITY | D17: JENERICK INTERNATIONAL MANPOWER INC. | E17: 1 | F17: 24 | G17: 22 | H17: =F17+G17 -> 46 | I17: 23 | J17: 14 | K17: =I17+J17 -> 37 | L17: 1 | N17: =L17+M17 -> 1 | O17: BUT-26-0213-005
D18: MMML RECRUITMENT SERVICES INC. | I18: 0 | J18: 1 | K18: =I18+J18 -> 1 | L18: 1 | N18: =L18+M18 -> 1 | O18: BUT-26-0213-008
D19: MYRIAD HUMAN RESOURCES & SERVICES INC. | I19: 2 | J19: 1 | K19: =I19+J19 -> 3 | L19: 1 | N19: =L19+M19 -> 1 | O19: BUT-26-0213-009
D20: SMC MANPOWER AGENCY PHILIPPINES COMPANY | I20: 5 | J20: 9 | K20: =I20+J20 -> 14 | L20: 1 | N20: =L20+M20 -> 1 | O20: BUT-26-0219-012
A21: Sub total: | E21: =E17 -> 1 | F21: =SUM(F17:F20) -> 24 | G21: =SUM(G17:G20) -> 22 | H21: =SUM(H17:H20) -> 46 | I21: =SUM(I17:I20) -> 30 | J21: =SUM(J17:J20) -> 25 | K21: =SUM(K17:K20) -> 55 | L21: =SUM(L17:L20) -> 4 | M21: =SUM(M17:M20) -> 0 | N21: =SUM(N17:N20) -> 4
A22: GRAND TOTAL: | E22: =E16+E21 -> 2 | F22: =F16+F21 -> 44 | G22: =G16+G21 -> 30 | H22: =H16+H21 -> 74 | I22: =I16+I21 -> 50 | J22: =J16+J21 -> 33 | K22: =K16+K21 -> 83 | L22: =L16+L21 -> 5 | ... N22: =N16+N21 -> 5
A24: Prepared by: | D24: Reviewed By: | P24: INITIAL
P26: MAG
P27: EP
A28: AURORA JEAN A. TORRALBA | D28: REGIENALD S. ESPALDON, CPA | P28: IJEP
A29: Labor and Employment Officer I | D29: OIC-Assistant Regional Director | P29: JBRCV
D30: and OIC- Chief Labor and Employment Officer | P30: AJAT
P31: JNPE

Sheet MAR
A10: JOB FAIR REPORT
A11: FOR THE MONTH OF MARCH 2026
A14: AGENCY/ INSTITUTION | B14: JOB FAIR DATES | C14: JOB FAIR VENUE | D14: RECRUTIMENT AGENCIES | E14: NO. OF JOBS FAIR FACILITATED/ SUPERVISED | F14: NUMBER OF REGISTERED APPLICANTS | I14: NUMBER OF REGISTERED APPLICANTS PER TERMINAL REPORT | L14: NUMBER OF PARTICIPATING AGENCIES | O14: JFA NO.
F15: MALE | G15: FEMALE | H15: TOTAL: | I15: MALE | J15: FEMALE | K15: TOTAL: | L15: LAND BASED RECRUITMENT AGENCY | M15: SEA-BASED/ MANNING AGENCY | N15: TOTAL:
A16: MUNICIPALITY OF SAN JOSE, DINAGAT ISLANDS | B16: March 5-6, 2026 | C16: MUNICIPAL COVERED COURT, SAN JOSE BUILDING COMPOUND, P-4 BRGY. STA. CRUZ, SAN JOSE, PROVINCE OF DINAGAT ISLANDS | D16: STAR WORLD INTERNATIONAL MANPOWER & PLACEMENT AGENCY, INC. | E16: 1 | F16: 16 | G16: 55 | H16: =F16+G16 -> 71 | I16: 15 | J16: 50 | K16: =I16+J16 -> 65 | L16: 1 | N16: =L16+M16 -> 1 | O16: BUT-26-0210-003
D17: DIMENSION-ALL MANPOWER INC. | I17: 1 | J17: 3 | K17: =I17+J17 -> 4 | L17: 1 | N17: =L17+M17 -> 1 | O17: BUT-26-0213-006
D18: SMC MANPOWER AGENCY PHILIPPINES COMPANY | I18: 1 | J18: 6 | K18: =I18+J18 -> 7 | L18: 1 | N18: =L18+M18 -> 1 | O18: BUT-26-0216-011
A19: Sub total: | E19: =E16 -> 1 | F19: =SUM(F16:F18) -> 16 | G19: =SUM(G16:G18) -> 55 | H19: =SUM(H16:H18) -> 71 | I19: =SUM(I16:I18) -> 17 | J19: =SUM(J16:J18) -> 59 | K19: =SUM(K16:K18) -> 76 | L19: =SUM(L16:L18) -> 3 | M19: =SUM(M16:M18) -> 0 | N19: =SUM(N16:N18) -> 3
A20: MUNICIPALITY OF PROSPERIDAD, AGUSAN DEL SUR | B20: 46087 | C20: DATU LIPUS MAKAPANDONG CULTURAL CENTER, GOVERNOR DEMOCRITO O. PLAZA GOVERNMENT CENTER, PROSPERIDAD, AGUSAN DEL SUR | D20: JENERICK INTERNATIONAL MANPOWER INC. | E20: 1 | F20: 12 | G20: 11 | H20: =F20+G20 -> 23 | I20: 12 | J20: 11 | K20: =I20+J20 -> 23 | L20: 1 | N20: =SUM(L20:M20) -> 1 | O20: BUT-26-0227-019
A21: Sub total: | E21: =E20 -> 1 | F21: =F20 -> 12 | G21: =G20 -> 11 | H21: =H20 -> 23 | I21: =I20 -> 12 | J21: =J20 -> 11 | K21: =K20 -> 23 | L21: =L20 -> 1 | ... N21: =N20 -> 1
A22: FATHER SATURNINO URIOS UNIVERSITY | B22: 46092 | C22: FSUU GYMNASIUN, JC. AQUINO AVENUE, BUTUAN CITY | D22: CAMOX PHILIPPINES INC. | E22: 1 | F22: 23 | G22: 59 | H22: =F22+G22 -> 82 | I22: 23 | J22: 59 | K22: =I22+J22 -> 82 | L22: 1 | N22: =SUM(L22:M22) -> 1 | O22: BUT-26-0304-021
A23: Sub total: | E23: =E22 -> 1 | F23: =F22 -> 23 | G23: =G22 -> 59 | H23: =H22 -> 82 | I23: =I22 -> 23 | J23: =J22 -> 59 | K23: =K22 -> 82 | L23: =L22 -> 1 | ... N23: =N22 -> 1
A24: SAINT MICHAEL COLLEGE OF CARAGA | B24: 46093 | C24: SMCC QUADRANGLE, ATUPAN ST., BRGY. 4, NASIPIT, AGUSAN DEL NORTE | D24: AL-ALAMIA INTERNATIONAL MANPOWER SERVICES | E24: 1 | F24: 181 | G24: 166 | H24: =F24+G24 -> 347 | I24: 45 | J24: 77 | K24: =I24+J24 -> 122 | L24: 1 | N24: =L24+M24 -> 1 | O24: BUT-26-0220-014
D25: JENERICK INTERNATIONAL MANPOWER INC. | I25: 32 | J25: 79 | K25: =I25+J25 -> 111 | L25: 1 | N25: =L25+M25 -> 1 | O25: BUT-26-0225-016
D26: MAANYAG INTERNATIONAL MANPOWER CORPORATION | I26: 96 | J26: 95 | K26: =I26+J26 -> 191 | L26: 1 | N26: =L26+M26 -> 1 | O26: BUT-26-0225-017
A27: Sub total: | E27: =E24 -> 1 | F27: =F24 -> 181 | G27: =G24 -> 166 | H27: =H24 -> 347 | I27: =SUM(I24:I26) -> 173 | J27: =SUM(J24:J26) -> 251 | K27: =SUM(K24:K26) -> 424 | L27: =SUM(L24:L26) -> 3 | M27: =SUM(M24:M26) -> 0 | N27: =SUM(N24:N26) -> 3
A28: MUNICIPALITY OF CAGDIANAO, DINAGAT ISLANDS | B28: March 24-25, 2026 | C28: MUNICIPAL GYMNASIUM, CAGDIANAO, PROVINCE OF DINAGAT ISLANDS | D28: DIMENSION-ALL MANPOWER INC. | E28: 1 | F28: 5 | G28: 1 | H28: =F28+G28 -> 6 | I28: 5 | J28: 1 | K28: =I28+J28 -> 6 | L28: 1 | N28: =L28+M28 -> 1 | O28: BUT-26-0226-018
D29: SMC MANPOWER AGENCY PHILIPPINES COMPANY | K29: =I29+J29 -> 0 | L29: 1 | N29: =L29+M29 -> 1 | O29: BUT-26-0318-022
A30: Sub total: | E30: =E28 -> 1 | F30: =SUM(F28:F29) -> 5 | G30: =SUM(G28:G29) -> 1 | H30: =SUM(H28:H29) -> 6 | I30: =SUM(I28:I29) -> 5 | J30: =SUM(J28:J29) -> 1 | K30: =SUM(K28:K29) -> 6 | L30: =SUM(L28:L29) -> 2 | M30: =SUM(M28:M29) -> 0 | N30: =SUM(N28:N29) -> 2
A31: LGU-NASIPIT, AGUSAN DEL NORTE | B31: 46108 | C31: NASIPIT MUNICIPAL GYM, NASIPIT, AGUSAN DEL NORTE | D31: JENERICK INTERNATIONAL MANPOWER INC. | E31: 1 | F31: 15 | G31: 4 | H31: =F31+G31 -> 19 | I31: 16 | J31: 5 | K31: =I31+J31 -> 21 | L31: 1 | N31: =L31+M31 -> 1 | O31: BUT-26-0324-023
D32: AL-ALAMIA INTERNATIONAL MANPOWER SERVICES | I32: 1 | J32: 1 | K32: =I32+J32 -> 2 | L32: 1 | N32: =L32+M32 -> 1 | O32: BUT-26-0325-025
A33: Sub total: | E33: =E31 -> 1 | F33: =SUM(F31:F32) -> 15 | G33: =SUM(G31:G32) -> 4 | H33: =SUM(H31:H32) -> 19 | I33: =SUM(I31:I32) -> 17 | J33: =SUM(J31:J32) -> 6 | K33: =SUM(K31:K32) -> 23 | L33: =SUM(L31:L32) -> 2 | M33: =SUM(M31:M32) -> 0 | N33: =SUM(N31:N32) -> 2
A34: GRAND TOTAL: | E34: =E19+E21+E23+E27+E30+E33 -> 6 | F34: =F19+F21+F23+F27+F30+F33 -> 252 | G34: =G19+G21+G23+G27+G30+G33 -> 296 | H34: =H19+H21+H23+H27+H30+H33 -> 548 | I34: =I19+I21+I23+I27+I30+I33 -> 247 | J34: =J19+J21+J23+J27+J30+J33 -> 387 | K34: =K19+K21+K23+K27+K30+K33 -> 634 | L34: =L19+L21+L23+L27+L30+L33 -> 12 | ... N34: =N19+N21+N23+N27+N30+N33 -> 12
A36: Prepared by: | D36: Reviewed By:
A40: AURORA JEAN A. TORRALBA | D40: REGIENALD S. ESPALDON, CPA
A41: Labor and Employment Officer I | D41: OIC-Assistant Regional Director
D42: and OIC- Chief Labor and Employment Officer

Sheet APR
A10: JOB FAIR REPORT
A11: FOR THE MONTH OF MARCH 2026
A14: AGENCY/ INSTITUTION | B14: JOB FAIR DATES | C14: JOB FAIR VENUE | D14: RECRUTIMENT AGENCIES | E14: NO. OF JOBS FAIR FACILITATED/ SUPERVISED | F14: NUMBER OF REGISTERED APPLICANTS | I14: NUMBER OF REGISTERED APPLICANTS PER TERMINAL REPORT | L14: NUMBER OF PARTICIPATING AGENCIES | O14: JFA NO.
F15: MALE | G15: FEMALE | H15: TOTAL: | I15: MALE | J15: FEMALE | K15: TOTAL: | L15: LAND BASED RECRUITMENT AGENCY | M15: SEA-BASED/ MANNING AGENCY | N15: TOTAL:
A16: MUNICIPALITY OF VERUELA, AGUSAN DEL SUR | B16: 46118 | C16: LEARNING AND TOURISM DISPLAY CENTER AND MULTI PURPOSE HALL, BRGY. POBLACION, VERUELA, AGUSAN DEL SUR | D16: AL-ALAMIA INTERNATIONAL MANPOWER SERVICES | E16: 1 | G16: 1 | H16: =F16+G16 -> 1 | J16: 1 | K16: =I16+J16 -> 1 | L16: 1 | N16: =L16+M16 -> 1 | O16: BUT-26-0327-027
A17: Sub total: | E17: =E16 -> 1 | F17: =SUM(F16:F16) -> 0 | G17: =SUM(G16:G16) -> 1 | H17: =SUM(H16:H16) -> 1 | I17: =SUM(I16:I16) -> 0 | J17: =SUM(J16:J16) -> 1 | K17: =SUM(K16:K16) -> 1 | L17: =SUM(L16:L16) -> 1 | M17: =SUM(M16:M16) -> 0 | N17: =SUM(N16:N16) -> 1
A18: MUNICIPALITY OF VERUELA, AGUSAN DEL SUR | B18: 46121 | C18: AMPI THEATER, DOÑA MAXIMA, SAN LUIS, AGUSAN DEL SUR | D18: AL-ALAMIA INTERNATIONAL MANPOWER SERVICES | E18: 1 | H18: =F18+G18 -> 0 | K18: =I18+J18 -> 0 | L18: 1 | N18: =SUM(L18:M18) -> 1 | O18: BUT-26-0325-026
D19: LGH INTERNATIONAL SERVICES, INC. | H19: =F19+G19 -> 0 | K19: =I19+J19 -> 0 | L19: 1 | N19: =SUM(L19:M19) -> 1 | O19: BUT-26-0327-028
D20: MAANYAG INTERNATIONAL MANPOWER CORPORATION | H20: =F20+G20 -> 0 | K20: =I20+J20 -> 0 | L20: 1 | N20: =SUM(L20:M20) -> 1 | O20: BUT-26-0327-029
A21: Sub total: | E21: =SUM(E18:E20) -> 1 | F21: =SUM(F18:F20) -> 0 | G21: =SUM(G18:G20) -> 0 | H21: =SUM(H18:H20) -> 0 | I21: =SUM(I18:I20) -> 0 | J21: =SUM(J18:J20) -> 0 | K21: =SUM(K18:K20) -> 0 | L21: =SUM(L18:L20) -> 3 | ... N21: =SUM(N18:N20) -> 3
A22: AGUSAN DEL SUR COLLEGE, INC. | B22: 46125 | C22: ADSCO, BAYUGAN CITY | D22: MAANYAG INTERNATIONAL MANPOWER CORPORATION | E22: 1 | H22: =F22+G22 -> 0 | K22: =I22+J22 -> 0 | N22: =SUM(L22:M22) -> 0 | O22: BUT-26-0327-030
D23: AL-ALAMIA INTERNATIONAL MANPOWER SERVICES | H23: =F23+G23 -> 0 | K23: =I23+J23 -> 0 | N23: =SUM(L23:M23) -> 0 | O23: BUT-26-0331-032
A24: Sub total: | E24: =E22 -> 1 | F24: =SUM(F22:F23) -> 0 | G24: =SUM(G22:G23) -> 0 | H24: =SUM(H22:H23) -> 0 | I24: =SUM(I22:I23) -> 0 | J24: =SUM(J22:J23) -> 0 | K24: =SUM(K22:K23) -> 0 | L24: =SUM(L22:L23) -> 0 | M24: =SUM(M22:M23) -> 0 | N24: =SUM(N22:N23) -> 0
A25: CARAGA STATE UNIVERSITY- MAIN CAMPUS | B25: 46127 | C25: CSU- HERO LEARNING COMMONS, THIRD FLOOR, CARAGA STATE UNIVERSITY, AMPAYO, BUTUAN CITY | D25: MAANYAG INTERNATIONAL MANPOWER CORPORATION | E25: 1 | H25: =F25+G25 -> 0 | K25: =I25+J25 -> 0 | L25: 1 | N25: =L25+M25 -> 1 | O25: BUT-26-0327-031
D26: AL-ALAMIA INTERNATIONAL MANPOWER SERVICES | K26: =I26+J26 -> 0 | L26: 1 | N26: =L26+M26 -> 1 | O26: BUT-26-0331-033
K27: =I27+J27 -> 0 | N27: =L27+M27 -> 0
A28: Sub total: | E28: =E25 -> 1 | F28: =F25 -> 0 | G28: =G25 -> 0 | H28: =H25 -> 0 | I28: =SUM(I25:I27) -> 0 | J28: =SUM(J25:J27) -> 0 | K28: =SUM(K25:K27) -> 0 | L28: =SUM(L25:L27) -> 2 | M28: =SUM(M25:M27) -> 0 | N28: =SUM(N25:N27) -> 2
A29: CARAGA STATE UNIVERSITY CABADBARAN CAMPUS | B29: 46135 | C29: CSUCC GYMANSIUM, CABADBARAN CITY | D29: MMML RECRUITMENT SERVICES INC. | E29: 1 | H29: =F29+G29 -> 0 | K29: =I29+J29 -> 0 | N29: =L29+M29 -> 0 | O29: BUT-26-0220-015
K30: =I30+J30 -> 0 | N30: =L30+M30 -> 0
A31: Sub total: | E31: =E29 -> 1 | F31: =SUM(F29:F30) -> 0 | G31: =SUM(G29:G30) -> 0 | H31: =SUM(H29:H30) -> 0 | I31: =SUM(I29:I30) -> 0 | J31: =SUM(J29:J30) -> 0 | K31: =SUM(K29:K30) -> 0 | L31: =SUM(L29:L30) -> 0 | M31: =SUM(M29:M30) -> 0 | N31: =SUM(N29:N30) -> 0
A32: GRAND TOTAL: | E32: =E17+E21+E24+E28+E31 -> 5 | F32: =F17+F21+F24+F28+F31 -> 0 | G32: =G17+G21+G24+G28+G31 -> 1 | H32: =H17+H21+H24+H28+H31 -> 1 | I32: =I17+I21+I24+I28+I31 -> 0 | J32: =J17+J21+J24+J28+J31 -> 1 | K32: =K17+K21+K24+K28+K31 -> 1 | L32: =L17+L21+L24+L28+L31 -> 6 | ... N32: =N17+N21+N24+N28+N31 -> 6
A34: Prepared by: | D34: Reviewed By:
A38: AURORA JEAN A. TORRALBA | D38: REGIENALD S. ESPALDON, CPA
A39: Labor and Employment Officer I | D39: OIC-Assistant Regional Director
D40: and OIC- Chief Labor and Employment Officer
